chr	start	end	strand
chr1	23367168	23369365	-
chr1	23441845	23442185	-
chr1	23452730	23455880	-
chr1	23441217	23441386	-
chr1	23456194	23484471	-
chr1	120824917	120825513	+
chr1	120825686	120826405	+
chr1	120826457	120827053	+
chr1	120827226	120829763	+
chr1	120822187	120823308	+
chr1	120823360	120837168	+
chr1	120829815	120833602	+
chr1	3669167	3682332	+
chr1	3675396	3682332	+
chr1	3707791	3711898	+
chr1	26225263	26225592	+
chr1	14829	14969	-
chr1	16691294	16692279	-
chr1	180936513	180938554	+
chr1	154589444	154589756	-
chr1	154602626	154607953	-
chr1	154598585	154601230	-
chr1	154588661	154589368	-
chr1	154601190	154601307	-
chr1	154602626	154625920	-
chr1	154625996	154627854	-
chr1	154602626	154611138	-
chr1	154602626	154608590	-
chr1	154585336	154585752	-
chr1	18703296	18710796	+
chr1	18710892	18735631	+
chr1	18703296	18722323	+
chr1	18722432	18735631	+
chr1	18633148	18634302	+
chr1	18636371	18644520	+
chr1	113898801	113899124	-
chr1	113898801	113899083	-
chr1	113904793	113905031	-
chr1	113904793	113905582	-
chr1	113897943	113898398	-
chr1	113898435	113898717	-
chr1	113898046	113898717	-
chr1	113896465	113897811	-
chr1	113897932	113898717	-
chr1	113901383	113901758	-
chr1	193233116	193234101	+
chr1	193234140	193236255	+
chr1	204274809	204288104	-
chr1	204274809	204314108	-
chr1	204274809	204331947	-
chr1	204274809	204350879	-
chr1	204222779	204228082	-
chr1	23169024	23177985	-
chr1	23089053	23094329	-
chr1	201041606	201043280	-
chr1	156083184	156093490	+
chr1	156082723	156082947	+
chr1	156083621	156093708	+
chr1	156083184	156084380	+
chr1	45334511	45334826	-
chr1	45338304	45338506	-
chr1	45338656	45339975	-
chr1	45329463	45330515	-
chr1	55040044	55052277	+
chr1	55040044	55041966	+
chr1	55042089	55043842	+
chr1	55056189	55056536	+
chr1	55056805	55057330	+
chr1	68444883	68445842	-
chr1	68446008	68446709	-
chr1	68431878	68438186	-
chr1	68439323	68440852	-
chr1	68444883	68448623	-
chr1	175324519	175335710	-
chr1	175336073	175337527	-
chr1	175393895	175406215	-
chr1	175396703	175406215	-
chr1	237330982	237374716	+
chr1	237330982	237369533	+
chr1	237761028	237762893	+
chr1	237762911	237770806	+
chr1	237471351	237491805	+
chr1	237550691	237566569	+
chr1	161323670	161328365	+
chr1	161314425	161316605	+
chr1	161316633	161323613	+
chr1	161314754	161323613	+
chr1	161314603	161323613	+
chr1	159205653	159206279	+
chr1	155260659	155261278	-
chr1	155261734	155261874	-
chr1	155256419	155257284	-
chr1	155258912	155260329	-
chr1	155256419	155258825	-
chr1	155260450	155262085	-
chr1	155257653	155258825	-
chr1	155637492	155648405	-
chr1	155634846	155648405	-
chr1	155646674	155647216	-
chr1	155647314	155648405	-
chr1	173164031	173173281	-
chr1	173173356	173174544	-
chr1	173175200	173188520	-
chr1	173188569	173462323	-
chr1	173462454	173477354	-
chr1	173173356	173188520	-
chr1	173207185	173462323	-
chr1	173462454	173476631	-
chr1	173188569	173239906	-
chr1	173240023	173423873	-
chr1	173423974	173462323	-
chr1	173462454	173476643	-
chr1	173188569	173190441	-
chr1	173207185	173239906	-
chr1	173240023	173331678	-
chr1	173331762	173462323	-
chr1	173207185	173461192	-
chr1	173461360	173462323	-
chr1	12580666	12619070	-
chr1	12580666	12584694	-
chr1	12580666	12600360	-
chr1	12617303	12618941	-
chr1	12617303	12618728	-
chr1	12617303	12619797	-
chr1	12619526	12619797	-
chr1	43301129	43304933	+
chr1	155680002	155680415	-
chr1	155661423	155675009	-
chr1	155680456	155685090	-
chr1	155685112	155688070	-
chr1	155670464	155675009	-
chr1	155675096	155679408	-
chr1	155680456	155685976	-
chr1	155670464	155680415	-
chr1	155670464	155671305	-
chr1	155671427	155672520	-
chr1	155676746	155679139	-
chr1	155680456	155687803	-
chr1	155672393	155672559	-
chr1	155671427	155672559	-
chr1	155660379	155660856	-
chr1	155675096	155675961	-
chr1	155676053	155676547	-
chr1	155668695	155670319	-
chr1	155668717	155670400	-
chr1	155668777	155675009	-
chr1	155670464	155674684	-
chr1	155674822	155675009	-
chr1	155680008	155688070	-
chr1	155675096	155688070	-
chr1	155675096	155680415	-
chr1	155670464	155672602	-
chr1	155660933	155661306	-
chr1	155672757	155674684	-
chr1	155688241	155688658	-
chr1	155661423	155674684	-
chr1	155679512	155688658	-
chr1	203503745	203504040	+
chr1	904957	911944	+
chr1	11060503	11060728	+
chr1	11060503	11068141	+
chr1	11060503	11060725	+
chr1	11061073	11101800	+
chr1	11068713	11101800	+
chr1	11100084	11101800	+
chr1	16459189	16475824	-
chr1	16470886	16486425	-
chr1	16474074	16475824	-
chr1	16620024	16623869	-
chr1	16620024	16624272	-
chr1	16628650	16628815	-
chr1	16619103	16623869	-
chr1	16644895	16645453	-
chr1	16622594	16643027	-
chr1	16635168	16645066	-
chr1	16632371	16632606	-
chr1	16632769	16633094	-
chr1	16635168	16643027	-
chr1	16633346	16642766	-
chr1	16643145	16644510	-
chr1	16635168	16644445	-
chr1	16643145	16644445	-
chr1	16635168	16644510	-
chr1	16644895	16645066	-
chr1	16644892	16645066	-
chr1	16635168	16644645	-
chr1	16644892	16645453	-
chr1	16643145	16645066	-
chr1	16643145	16645453	-
chr1	16635168	16679680	-
chr1	16679749	16680312	-
chr1	16643145	16679680	-
chr1	16643145	16667066	-
chr1	16656954	16667066	-
chr1	16658562	16667066	-
chr1	17024074	17027759	-
chr1	17024074	17027792	-
chr1	17044888	17047416	-
chr1	17047512	17053947	-
chr1	17024074	17028653	-
chr1	17044888	17052095	-
chr1	17052178	17053947	-
chr1	17052140	17053947	-
chr1	17044888	17053751	-
chr1	17022730	17023840	-
chr1	17018958	17027748	-
chr1	17028736	17044760	-
chr1	201368222	201369815	-
chr1	201372041	201373213	-
chr1	201373268	201374979	-
chr1	201374982	201377622	-
chr1	201360611	201361278	-
chr1	201359643	201361278	-
chr1	201372041	201377622	-
chr1	16474489	16475824	-
chr1	120550276	120557018	-
chr1	54887135	54991835	+
chr1	54887135	54986096	+
chr1	54887135	54908769	+
chr1	54908858	54973647	+
chr1	54887783	54925617	+
chr1	54888682	54888878	+
chr1	54888682	54908769	+
chr1	54908858	54963342	+
chr1	248698905	248701910	-
chr1	248702005	248702702	-
chr1	168714346	168723189	-
chr1	168723339	168733092	-
chr1	168733222	169017812	-
chr1	169018002	169020942	-
chr1	168733222	168900480	-
chr1	168900600	168907858	-
chr1	168907970	169020942	-
chr1	169021066	169056170	-
chr1	169056233	169103145	-
chr1	168729365	168733092	-
chr1	168774490	168827351	-
chr1	168827469	169020942	-
chr1	168763616	168771205	-
chr1	168771288	168774324	-
chr1	168774490	168971379	-
chr1	168971488	169017812	-
chr1	168774490	168836428	-
chr1	168836488	169020942	-
chr1	169060519	169066097	-
chr1	169066221	169086954	-
chr1	168763616	168846413	-
chr1	168846607	169017812	-
chr1	168763616	169017812	-
chr1	169021066	169021564	-
chr1	169021662	169056183	-
chr1	168940329	169020942	-
chr1	169056233	169086954	-
chr1	169060515	169062013	-
chr1	169021066	169052905	-
chr1	169053019	169056183	-
chr1	169056233	169060154	-
chr1	169060357	169103145	-
chr1	169018002	169018471	-
chr1	169018536	169020942	-
chr1	169018002	169018129	-
chr1	169018303	169020942	-
chr1	169056233	169057641	-
chr1	169057696	169086954	-
chr1	169018303	169018471	-
chr1	115744912	115757483	-
chr1	115757624	115768307	-
chr1	115707653	115717839	-
chr1	115768488	115792932	-
chr1	115703449	115705191	-
chr1	115738389	115740727	-
chr1	115768488	115768692	-
chr1	115726597	115726991	-
chr1	156986173	156986498	-
chr1	156986513	156987709	-
chr1	156987742	157044298	-
chr1	156986173	157046395	-
chr1	24533460	24539807	-
chr1	24504986	24533370	-
chr1	24535453	24538131	-
chr1	24538252	24539807	-
chr1	58785305	58939613	+
chr1	58953919	59132346	+
chr1	59201458	59202911	+
chr1	72655032	72783669	+
chr1	72778357	72783669	+
chr1	72786825	72794692	+
chr1	72794798	72826633	+
chr1	94931985	95067043	+
chr1	107964504	108040265	+
chr1	108041924	108050599	+
chr1	110356031	110363769	+
chr1	110363864	110365977	+
chr1	110366066	110372139	+
chr1	112850392	112960476	+
chr1	112960575	112998942	+
chr1	148272035	148334733	-
chr1	152189481	152205859	+
chr1	221840453	221918591	-
chr1	221978518	222058413	-
chr1	235943029	235957881	-
chr2	70300980	70301521	-
chr2	72887736	72891346	+
chr2	189006452	189007884	+
chr2	188995790	188997164	+
chr2	96254997	96265868	-
chr2	96265323	96265417	-
chr2	96254977	96265137	-
chr2	96254997	96256493	-
chr2	96256564	96265137	-
chr2	96254997	96256445	-
chr2	47478519	47480364	+
chr2	47412560	47416295	+
chr2	47408555	47412413	+
chr2	47445657	47448327	+
chr2	47445657	47448441	+
chr2	135126656	135127528	+
chr2	135127662	135129994	+
chr2	135058086	135060443	+
chr2	135115352	135120818	+
chr2	135113270	135115219	+
chr2	135058086	135089650	+
chr2	231398916	231404544	+
chr2	231404616	231406023	+
chr2	231401467	231403237	+
chr2	191036299	191038804	-
chr2	191038961	191039198	-
chr2	191148204	191167578	-
chr2	191167725	191172583	-
chr2	191154635	191155217	-
chr2	191155378	191167578	-
chr2	191167725	191168514	-
chr2	191168636	191172583	-
chr2	191172707	191173870	-
chr2	191174390	191177887	-
chr2	191174390	191176831	-
chr2	191176976	191177685	-
chr2	191177774	191177887	-
chr2	191177986	191178329	-
chr2	65332051	65332183	-
chr2	196146055	196147031	-
chr2	196147121	196156438	-
chr2	196146055	196155983	-
chr2	196156074	196156438	-
chr2	196163427	196171223	-
chr2	196146055	196154967	-
chr2	196155043	196156438	-
chr2	196163427	196171328	-
chr2	196161273	196163261	-
chr2	196162447	196163261	-
chr2	166073565	166073647	-
chr2	166034966	166036047	-
chr2	166128022	166182710	-
chr2	166153149	166182710	-
chr2	166153149	166154889	-
chr2	166155020	166182710	-
chr2	166185151	166199638	+
chr2	178786141	178792071	-
chr2	240718168	240719041	-
chr2	165692133	165703036	-
chr2	165703153	165703705	-
chr2	165703802	165704549	-
chr2	165704665	165704793	-
chr2	165704927	165715569	-
chr2	165715727	165715878	-
chr2	165703153	165704549	-
chr2	165704927	165713703	-
chr2	165713771	165715569	-
chr2	165704665	165713703	-
chr2	165700097	165703036	-
chr2	165704927	165706155	-
chr2	165713840	165718354	+
chr2	165718457	165720596	+
chr2	165716651	165718354	+
chr2	165718457	165718651	+
chr2	165718724	165719343	+
chr2	154867872	154874101	+
chr2	154867872	154876377	+
chr2	154867872	154893873	+
chr2	111120610	111123732	+
chr2	157876716	157995179	+
chr2	158015886	158106098	+
chr2	158123895	158126212	+
chr2	158026099	158106098	+
chr2	158126775	158127964	+
chr2	158128035	158134747	+
chr2	165833215	165845952	-
chr2	165770808	165845952	-
chr2	172082030	172093339	-
chr2	172234257	172323349	+
chr2	172367881	172370075	+
chr2	172370173	172465538	+
chr2	213276171	213284032	-
chr2	232371032	232372577	-
chr2	232372714	232376381	-
chr2	232376593	232378944	-
chr2	232379234	232379566	-
chr2	232381037	232386699	-
chr2	318063	397616	+
chr2	397813	408951	+
chr2	409529	416522	+
chr2	416726	421837	+
chr2	318063	374114	+
chr2	318063	408951	+
chr2	387211	416522	+
chr2	387211	397675	+
chr2	397813	416522	+
chr2	387211	415976	+
chr2	416098	416522	+
chr2	387211	397616	+
chr2	387211	388511	+
chr2	387211	408951	+
chr2	130034377	130036930	-
chr2	130012263	130020759	-
chr2	130020870	130024967	-
chr2	130025049	130028308	-
chr2	130034377	130035133	-
chr2	130035262	130036930	-
chr2	130034377	130035192	-
chr2	130040560	130050767	-
chr2	130050939	130054029	-
chr2	130048619	130049102	-
chr2	130049871	130050057	-
chr2	130050182	130050767	-
chr2	32089605	32098797	+
chr2	32098891	32099011	+
chr2	32099070	32114637	+
chr2	32098891	32113965	+
chr2	32114070	32114637	+
chr2	32098891	32099543	+
chr2	32099618	32114637	+
chr2	32098891	32105684	+
chr2	32105845	32106848	+
chr2	32106910	32114637	+
chr2	209872970	209873605	+
chr2	209873797	209877953	+
chr2	66691723	66847985	+
chr2	66848077	66868127	+
chr2	66868278	66945287	+
chr2	66958822	66963591	+
chr2	172103268	172108901	+
chr2	172109923	172298202	+
chr2	172323436	172323543	+
chr2	172464574	172495374	-
chr2	172512518	172552604	-
chr2	185729437	185757579	-
chr2	185757810	185783952	-
chr2	216870980	216871966	+
chr2	216872126	216875728	+
chr2	218921760	218922618	-
chr2	218922984	218959184	-
chr2	218945136	218952109	-
chr2	218952207	218953633	-
chr2	218954089	218958690	-
chr2	218945136	218953633	-
chr2	218954674	218959184	-
chr2	241966047	241971374	+
chr2	241971493	241971679	+
chr3	130212388	130212571	+
chr3	130212637	130212822	+
chr3	130228222	130232645	+
chr3	130232790	130233445	+
chr3	130248422	130248576	+
chr3	130248766	130250817	+
chr3	130251309	130263799	+
chr3	15636045	15641907	+
chr3	15623898	15630019	+
chr3	15623898	15635423	+
chr3	38609964	38612801	-
chr3	38612901	38613974	-
chr3	38613834	38613974	-
chr3	36993890	36994239	+
chr3	46836203	46844137	-
chr3	46844268	46858230	-
chr3	46851061	46858230	-
chr3	46860825	46861297	-
chr3	46861457	46863261	-
chr3	14134471	14134769	+
chr3	10146636	10148699	+
chr3	10142187	10146608	+
chr3	10142066	10146513	+
chr3	10142187	10142960	+
chr3	10141883	10146513	+
chr3	10141883	10142762	+
chr3	48600798	48600974	-
chr3	48605856	48609551	-
chr3	48600151	48600679	-
chr3	112345288	112347534	+
chr3	112332701	112335942	+
chr3	112361755	112362089	+
chr3	112333224	112335604	+
chr3	112349819	112360552	+
chr3	112360861	112361542	+
chr3	112340983	112347534	+
chr3	112333224	112334177	+
chr3	112334287	112340901	+
chr3	112333224	112347557	+
chr3	112345288	112347348	+
chr3	112347423	112347557	+
chr3	49897416	49898050	-
chr3	49891838	49895230	-
chr3	30606588	30644746	+
chr3	30606593	30644746	+
chr3	30606593	30623198	+
chr3	30644915	30650276	+
chr3	41236493	41236587	+
chr3	41236709	41239818	+
chr3	41233444	41233532	+
chr3	41236719	41238015	+
chr3	41236503	41236599	+
chr3	41236495	41236587	+
chr3	98901163	98902421	+
chr3	98902517	98978437	+
chr3	98978495	98981309	+
chr3	98982534	99018055	+
chr3	99018122	99018434	+
chr3	99018562	99095331	+
chr3	99095408	99127958	+
chr3	99128056	99177377	+
chr3	99177513	99180542	+
chr3	99180636	99185579	+
chr3	99185773	99277846	+
chr3	99277970	99315981	+
chr3	98962138	98982463	+
chr3	98982534	98997769	+
chr3	98962138	98963471	+
chr3	98963557	98978437	+
chr3	98967317	98981253	+
chr3	99331452	99424509	+
chr3	99424563	99500473	+
chr3	99500541	99500871	+
chr3	9833273	9834680	+
chr3	40301396	40399473	-
chr3	44557592	44587929	-
chr3	44588027	44588132	-
chr3	44588199	44624721	-
chr4	189957502	189959845	+
chr4	189959922	189960747	+
chr4	2818390	2818960	+
chr4	153684337	153687916	+
chr4	153688047	153701499	+
chr4	153701634	153702891	+
chr4	153684337	153687901	+
chr4	153684360	153687935	+
chr4	153688345	153702891	+
chr4	153703504	153704850	+
chr4	67930265	67931992	-
chr4	67914703	67918972	-
chr4	67922926	67923044	-
chr4	65698031	65702177	+
chr4	109813003	109813481	-
chr4	109813600	109814830	-
chr4	109813010	109813481	-
chr4	109814968	109815415	-
chr4	109813596	109814830	-
chr4	13829847	13931543	+
chr4	13931814	13933238	+
chr4	13933345	14062263	+
chr4	14062367	14093208	+
chr4	14093359	14097463	+
chr4	14097564	14103001	+
chr4	13838459	13882266	+
chr4	13882435	13931543	+
chr4	13931814	13937143	+
chr4	13937163	13959988	+
chr4	13960086	13964389	+
chr4	13964454	13975660	+
chr4	13989057	14036349	+
chr4	14036436	14062263	+
chr4	14062367	14242645	+
chr4	13989057	14062263	+
chr4	14093359	14143291	+
chr4	14054829	14062263	+
chr4	14093359	14103001	+
chr4	14112177	14113942	+
chr4	14112177	14155958	+
chr4	14156065	14235514	+
chr4	138361402	138431125	+
chr4	138431206	138436412	+
chr4	87462004	87463263	-
chr4	87463292	87463413	-
chr4	87463443	87464176	-
chr4	87464203	87467808	-
chr4	87467886	87467978	-
chr4	87468011	87469591	-
chr4	87469662	87470627	-
chr4	87470657	87471016	-
chr5	6653636	6656077	+
chr5	179528425	179529586	-
chr5	179644086	179658144	-
chr5	179644880	179657700	-
chr5	112775737	112779683	+
chr5	112779850	112780789	+
chr5	112815593	112819268	+
chr5	112755025	112760126	+
chr5	112760203	112766325	+
chr5	112828972	112837552	+
chr5	112737925	112766325	+
chr5	112815593	112819106	+
chr5	1403089	1405941	-
chr5	1405990	1406187	-
chr5	1416201	1421875	-
chr5	1409849	1414690	-
chr5	1414815	1415136	-
chr5	1415260	1416097	-
chr5	1428859	1432463	-
chr5	96896863	96901505	+
chr5	30487706	30489462	-
chr5	30489683	30495039	-
chr5	151032383	151032981	-
chr5	151033086	151033607	-
chr5	138258032	138259556	-
chr5	138259649	138260176	-
chr5	138260317	138264260	-
chr5	156658767	156665809	-
chr5	156665886	156666556	-
chr5	72574852	72583475	-
chr5	72583695	72660566	-
chr5	72660684	72661681	-
chr5	72661755	72670496	-
chr5	72670669	72689907	-
chr5	72661755	72690522	-
chr5	72762924	72794398	-
chr5	72574852	72689907	-
chr5	72690704	72756636	-
chr5	72756752	72761614	-
chr5	181261384	181271915	+
chr5	181272059	181283341	+
chr5	181283503	181291672	+
chr5	181291738	181293894	+
chr5	181293951	181295046	+
chr5	17610597	17610914	+
chr6	7578562	7582641	+
chr6	7563786	7565362	+
chr6	7558264	7562651	+
chr6	7542085	7558115	+
chr6	7581722	7582641	+
chr6	7545723	7555717	+
chr6	39913004	39913347	-
chr6	39913004	39916067	-
chr6	39927455	39934025	-
chr6	39913004	39913773	-
chr6	39909092	39909834	-
chr6	41030723	41032035	-
chr6	41032137	41032635	-
chr6	41032757	41033880	-
chr6	123500713	123503718	-
chr6	123511767	123512302	-
chr6	123571132	123591944	-
chr6	123591992	123636753	-
chr6	123571132	123604109	-
chr6	123534519	123547339	-
chr6	26087516	26087663	+
chr6	26087516	26088224	+
chr6	26088290	26090840	+
chr6	26092917	26093118	+
chr6	26087516	26094185	+
chr6	26091192	26093118	+
chr6	88662858	88668141	+
chr6	158536865	158585303	+
chr6	158589782	158608332	+
chr6	158608750	158609331	+
chr6	158536865	158552225	+
chr6	158553005	158573419	+
chr6	158553005	158580939	+
chr6	158625754	158631322	+
chr6	158580995	158585303	+
chr6	158629125	158629370	+
chr6	158629595	158629723	+
chr6	158631486	158631809	+
chr6	158573298	158573419	+
chr6	158625754	158629370	+
chr6	158572468	158572678	+
chr6	158572748	158573419	+
chr6	158608750	158625103	+
chr6	158572468	158573419	+
chr6	158578303	158580939	+
chr6	158585425	158587705	+
chr6	158587817	158589671	+
chr6	158608186	158608332	+
chr6	158623607	158624166	+
chr6	158624302	158625103	+
chr6	158611771	158623549	+
chr6	158622154	158623549	+
chr6	12015668	12051381	+
chr6	12051468	12089183	+
chr6	12061061	12089183	+
chr6	166538784	166692792	-
chr6	29942630	29942868	+
chr6	33080935	33083784	+
chr6	33083994	33084949	+
chr6	33080935	33082006	+
chr6	33082138	33084949	+
chr6	33081296	33082006	+
chr6	33082138	33082279	+
chr6	33084014	33084949	+
chr6	32519561	32521904	-
chr6	77717998	77719694	-
chr6	77720006	77725298	-
chr6	77725375	77726045	-
chr6	77725375	77755070	-
chr6	77755169	77786008	-
chr6	77786073	77829274	-
chr6	77829363	77925902	-
chr6	77925945	77930186	-
chr6	77930328	77943797	-
chr6	77943921	77983348	-
chr6	77983441	78203861	-
chr6	78203953	78300687	-
chr6	78300821	78487640	-
chr6	78487750	78510939	-
chr6	78511257	78521178	-
chr6	78521322	78604522	-
chr6	11103762	11111676	-
chr7	150959736	150974369	-
chr7	150951054	150951447	-
chr7	150974941	150976649	-
chr7	100101496	100101707	+
chr7	100101051	100101707	+
chr7	100101959	100102674	+
chr7	100103692	100104093	+
chr7	100101968	100102318	+
chr7	100106291	100106412	+
chr7	100104940	100105046	+
chr7	100103325	100103408	+
chr7	100106115	100106240	+
chr7	135691666	135692322	-
chr7	135681700	135683665	-
chr7	135683802	135684123	-
chr7	130022525	130023570	-
chr7	130039547	130044799	-
chr7	130044857	130048973	-
chr7	130049144	130050624	-
chr7	130039572	130040950	-
chr7	130043431	130048973	-
chr7	130026312	130028719	-
chr7	130029029	130038734	-
chr7	130038852	130039463	-
chr7	130023723	130026157	-
chr7	130039547	130041437	-
chr7	130041473	130043627	-
chr7	130041085	130041387	-
chr7	128854682	128855198	+
chr7	128843319	128844003	+
chr7	128858221	128858335	+
chr7	128852952	128853468	+
chr7	4583487	4585186	-
chr7	4585464	4590821	-
chr7	4593968	4599324	-
chr7	2722138	2729255	-
chr7	2795143	2870623	-
chr7	2846132	2870623	-
chr7	2864221	2864944	+
chr7	2874319	2875220	+
chr7	2875320	2875485	+
chr7	2874315	2875485	+
chr7	64100690	64112665	+
chr7	64113206	64114872	+
chr7	64115019	64120409	+
chr7	64120545	64138861	+
chr7	64138924	64150196	+
chr7	43988247	44007187	-
chr7	44007597	44013592	-
chr7	44000118	44007187	-
chr7	148343644	148389682	-
chr7	148389819	148391662	-
chr7	148391781	148394590	-
chr7	148394692	148436558	-
chr7	148381670	148389682	-
chr7	148389819	148427489	-
chr7	148427572	148436558	-
chr7	148436651	148436739	-
chr7	148394692	148427489	-
chr7	148394692	148568099	-
chr7	148568278	148625358	-
chr7	148391781	148427489	-
chr7	148442522	148568099	-
chr7	148568278	148624544	-
chr7	148624835	148626989	-
chr7	148627071	148627241	-
chr7	148568278	148624680	-
chr7	148474965	148477362	-
chr7	148477515	148568099	-
chr7	148474774	148477362	-
chr7	148477515	148515657	-
chr7	148474804	148477362	-
chr7	148477515	148500978	-
chr7	148475127	148477362	-
chr7	148474950	148477362	-
chr7	148528294	148568099	-
chr7	148544480	148567773	-
chr7	148544480	148568099	-
chr7	148543689	148544362	-
chr7	148544480	148625358	-
chr7	148543689	148568099	-
chr7	148627091	148627241	-
chr7	148546339	148546878	-
chr7	148546339	148568099	-
chr7	148566705	148567773	-
chr7	148566519	148567773	-
chr7	148568278	148578945	-
chr7	148579074	148625358	-
chr7	148581010	148581184	-
chr7	148581378	148582682	-
chr7	148582891	148624544	-
chr7	148581378	148624544	-
chr7	148582891	148624680	-
chr7	148586340	148624680	-
chr7	148588035	148625358	-
chr7	148588035	148588736	-
chr7	148588035	148624680	-
chr7	148607487	148609876	-
chr7	148610043	148624544	-
chr7	148607487	148624544	-
chr7	148607487	148609860	-
chr7	148610043	148620915	-
chr7	148610043	148610857	-
chr7	148611002	148624680	-
chr7	148616763	148624544	-
chr7	148616760	148624544	-
chr7	148623560	148624544	-
chr7	148624114	148624544	-
chr8	12206384	12216209	-
chr8	42472654	42523787	-
chr8	42523925	42534870	-
chr8	42430249	42444645	-
chr8	42463090	42464570	-
chr8	42464182	42464936	-
chr8	42465103	42465671	-
chr8	37845790	37846853	-
chr8	7498936	7506269	-
chr8	7506346	7507016	-
chr8	144780280	144780874	-
chr8	144780965	144781456	-
chr8	144780959	144781826	-
chr8	144780280	144781826	-
chr8	144780280	144785724	-
chr8	144785799	144787109	-
chr8	144780965	144787109	-
chr8	144780959	144787278	-
chr8	144780965	144787278	-
chr8	144781873	144787278	-
chr8	144778525	144787278	-
chr8	144778525	144785833	-
chr8	144785860	144787278	-
chr8	12145700	12176814	+
chr8	12177497	12178712	+
chr8	12178823	12182618	+
chr8	12183094	12183194	+
chr8	12177517	12198734	+
chr8	12198796	12199322	+
chr8	12196238	12198734	+
chr8	12198796	12202481	+
chr8	12196238	12198703	+
chr8	12487908	12601157	-
chr8	40104302	40125441	+
chr8	40127173	40161461	+
chr8	40162746	40165237	+
chr8	40165581	40171716	+
chr8	40125653	40126068	+
chr8	40126168	40127080	+
chr8	40127173	40161620	+
chr8	40161752	40162639	+
chr8	40127173	40160422	+
chr8	40160675	40161461	+
chr8	40161559	40162639	+
chr8	40108163	40160422	+
chr8	40156888	40158081	+
chr8	40158263	40161461	+
chr8	143380783	143381571	+
chr8	143045432	143045572	-
chr8	143044795	143045280	-
chr8	143045432	143047809	-
chr8	143045432	143045655	-
chr9	110334320	110337793	-
chr9	110303583	110326174	-
chr9	127658485	127658733	+
chr9	127658777	127660049	+
chr9	127665331	127668079	+
chr9	127680242	127690774	+
chr9	127683970	127690774	+
chr9	127811309	127817148	-
chr9	127811309	127815942	-
chr9	127825357	127825450	-
chr9	127816053	127817133	-
chr9	127817203	127818715	-
chr9	127843245	127846933	-
chr9	127825018	127825230	-
chr9	127815796	127815942	-
chr9	127818377	127819621	-
chr9	127825855	127826509	-
chr9	127818190	127818715	-
chr9	127820037	127824327	-
chr9	127815691	127815942	-
chr9	127815654	127815942	-
chr9	34709928	34709999	-
chr9	34709695	34709776	-
chr9	99146606	99147653	+
chr9	99105302	99107035	+
chr9	99107140	99128854	+
chr9	99105302	99110808	+
chr9	99110868	99128854	+
chr9	99142703	99144809	+
chr9	99105302	99119071	+
chr9	99119207	99128854	+
chr9	99105302	99118670	+
chr9	99118789	99119071	+
chr9	99105302	99128862	+
chr9	132906989	132907300	-
chr9	132912457	132914598	-
chr9	132914687	132921362	-
chr9	132923492	132928766	-
chr9	132911568	132912265	-
chr9	132906855	132907300	-
chr9	132903817	132904495	-
chr9	132904560	132905580	-
chr9	132923461	132925586	-
chr9	132911568	132912272	-
chr9	132943809	132944571	-
chr9	132943918	132944571	-
chr9	32481497	32482733	-
chr9	32482850	32485174	-
chr9	32488197	32488733	-
chr9	32500936	32526060	-
chr9	6704653	6717872	+
chr9	74732736	74737354	-
chr9	74737450	74738406	-
chr9	138013235	138017138	+
chr9	138017201	138023010	+
chr9	138025172	138032681	+
chr9	138032770	138043773	+
chr9	137971483	137975906	+
chr9	137971592	137975945	+
chr9	138025172	138040546	+
chr9	138040672	138043773	+
chr9	138049315	138050074	+
chr9	138050086	138052091	+
chr9	70784279	70797004	-
chr10	88948953	88951895	-
chr10	88952099	88952730	-
chr10	88941911	88943796	-
chr10	88948983	88952730	-
chr10	88941869	88947257	-
chr10	88943907	88948801	-
chr10	88948953	88984796	-
chr10	88984954	88991021	-
chr10	88939698	88940856	-
chr10	88940960	88941228	-
chr10	86756102	86838864	+
chr10	86912384	86917139	+
chr10	86921695	86923593	+
chr10	86876085	86899793	+
chr10	86900126	86901953	+
chr10	86902001	86902399	+
chr10	86902482	86912239	+
chr10	86756919	86875866	+
chr10	86876085	86892126	+
chr10	86912384	86913313	+
chr10	86913405	86917133	+
chr10	86838979	86851477	+
chr10	86851769	86875866	+
chr10	87894109	87922462	+
chr10	87922627	87925512	+
chr10	87894109	87909487	+
chr10	87909580	87925512	+
chr10	43113675	43114614	+
chr10	80454371	80468546	+
chr10	80454371	80504727	+
chr10	80454371	80468581	+
chr10	80489314	80504525	+
chr10	80504567	80504727	+
chr10	80468687	80485604	+
chr10	80485703	80489216	+
chr10	80454568	80468546	+
chr10	80455057	80489216	+
chr10	80459584	80468546	+
chr10	80468324	80468546	+
chr10	80468328	80468546	+
chr10	6834322	6935112	-
chr10	125709567	125719495	-
chr10	125700582	125704186	-
chr10	125709567	125717242	-
chr10	125717390	125718904	-
chr10	125718981	125719348	-
chr10	125707759	125709183	-
chr10	125709317	125709497	-
chr10	125711588	125719495	-
chr10	125718981	125719421	-
chr10	86971261	86992246	+
chr10	86971261	86983853	+
chr10	86971564	86983853	+
chr10	86981322	86983853	+
chr11	47355542	47358843	-
chr11	47375729	47379744	-
chr11	47379849	47382375	-
chr11	71389515	71391423	-
chr11	71423437	71423539	-
chr11	2572109	2583434	+
chr11	2445675	2527927	+
chr11	2570754	2571159	+
chr11	66688324	66688652	-
chr11	66721532	66728160	-
chr11	66690283	66692535	-
chr11	66699608	66705328	-
chr11	66687560	66687867	-
chr11	66699608	66700972	-
chr11	66721440	66728160	-
chr11	108353880	108354917	+
chr11	108355098	108365081	+
chr11	108320058	108320686	+
chr11	108329200	108330213	+
chr11	108347365	108348951	+
chr11	108349164	108353765	+
chr11	108235834	108243974	+
chr11	108223186	108226385	+
chr11	108226452	108227594	+
chr11	108223649	108227594	+
chr11	108224004	108227594	+
chr11	61430182	61438003	+
chr11	61438080	61445940	+
chr11	61436960	61437210	+
chr11	61437479	61437624	+
chr11	61430182	61437210	+
chr11	61436853	61437624	+
chr11	61430182	61437668	+
chr11	61438113	61438219	+
chr11	61430358	61437624	+
chr11	112087932	112088866	+
chr11	112089015	112091400	+
chr11	112091514	112094804	+
chr11	112087122	112087856	+
chr11	18036142	18046240	-
chr11	118708490	118710592	-
chr11	118710719	118720192	-
chr11	118113435	118113922	+
chr11	118114052	118114828	+
chr11	118117454	118125294	+
chr11	408206	417293	-
chr11	410027	416775	-
chr11	406538	406875	-
chr11	409998	417293	-
chr11	101696138	101701489	+
chr11	101701767	101703466	+
chr11	121439641	121449695	-
chr11	121449899	121451278	-
chr11	121451976	121452674	-
chr11	13700492	13706904	+
chr11	13707019	13707899	+
chr11	13711812	13711931	+
chr11	13714680	13718919	+
chr11	13718991	13721729	+
chr11	13713033	13714144	+
chr11	13714202	13721729	+
chr11	13721859	13722499	+
chr11	13722712	13727555	+
chr11	13713029	13721729	+
chr11	13700492	13701815	+
chr11	13701925	13707899	+
chr11	13668806	13671112	+
chr11	13671200	13694758	+
chr11	13710870	13711927	+
chr11	13708079	13711763	+
chr11	57739260	57740069	+
chr11	57712822	57737607	+
chr11	57737668	57738973	+
chr11	57712784	57737607	+
chr11	57712807	57734858	+
chr11	57735166	57737607	+
chr11	57742771	57742862	+
chr11	57737635	57740421	+
chr12	57765580	57766006	-
chr12	57765557	57766006	-
chr12	103870410	103889400	-
chr12	103893396	103915077	-
chr12	103844646	103857109	-
chr12	103857243	103859122	-
chr12	103859449	103861117	-
chr12	103866551	103889400	-
chr12	103906307	103915077	-
chr12	51914480	51915224	+
chr12	51913770	51914438	+
chr12	110920675	111032729	-
chr12	110919127	110968883	-
chr12	110920842	110927351	-
chr12	110920585	111016138	-
chr12	110920581	111044298	-
chr12	110919127	111052407	-
chr12	110920585	111014393	-
chr12	110920585	111026737	-
chr12	110920730	110975468	-
chr12	110920585	110996025	-
chr12	110920585	111034806	-
chr12	110920585	110937969	-
chr12	110938113	110979188	-
chr12	13570017	13608602	-
chr12	57102921	57104326	-
chr12	57108299	57111693	-
chr12	57099078	57099995	-
chr12	57108299	57109307	-
chr12	57109358	57111128	-
chr12	58328520	58330219	-
chr12	58330494	58335839	-
chr12	89353920	89370631	+
chr12	130018202	130018865	-
chr12	130019023	130023354	-
chr12	130023503	130024240	-
chr12	130024340	130024480	-
chr12	130024706	130026756	-
chr12	130027254	130042226	-
chr12	130024706	130027111	-
chr12	127455825	127492163	+
chr12	127507561	127599610	+
chr12	127492278	127497075	+
chr12	127507561	127572967	+
chr12	127573105	127599610	+
chr12	9348124	9350016	+
chr12	13980352	13980720	-
chr12	13980356	13980725	-
chr12	122264199	122266076	-
chr12	122264199	122265994	-
chr12	122235923	122239877	-
chr12	122244803	122249870	-
chr12	122244741	122249870	-
chr12	122261447	122261608	-
chr12	122261701	122263571	-
chr13	27978452	27978604	-
chr13	51957607	51968443	-
chr13	32319325	32325079	+
chr13	32397044	32398223	+
chr13	32357929	32370401	+
chr13	32363533	32370955	+
chr13	48473390	48479997	+
chr13	48465122	48473359	+
chr13	48459833	48464997	+
chr13	48360127	48364893	+
chr13	110183276	110187137	-
chr13	110183237	110187274	-
chr13	110179036	110181291	-
chr13	110469324	110478002	+
chr13	110489785	110490022	+
chr13	110490124	110491232	+
chr13	110473150	110473610	+
chr13	110473893	110478002	+
chr13	110445882	110446418	+
chr13	110446499	110446797	+
chr13	50930759	50932800	+
chr13	50932825	50934884	+
chr13	50934999	50941849	+
chr13	50942054	50943320	+
chr13	50910140	50943320	+
chr13	50927478	50934884	+
chr13	50945532	50947013	+
chr13	50947101	50947986	+
chr13	50910140	50927385	+
chr13	50929586	50930682	+
chr13	24542162	24547635	+
chr13	24547708	24558162	+
chr13	24558256	24559180	+
chr13	24558256	24562284	+
chr13	24562313	24562407	+
chr13	24562480	24563982	+
chr13	24564240	24566842	+
chr13	24580890	24581660	+
chr13	18964107	18965187	-
chr13	18965366	19047989	-
chr13	109272419	109286356	+
chr13	106568572	106668645	+
chr13	99498867	99499821	-
chr13	99499940	99500737	-
chr13	99499130	99499853	-
chr13	99500800	99501030	-
chr13	88494911	88496115	+
chr13	88541972	88606289	+
chr13	88607559	88628039	+
chr13	75870715	75871052	+
chr13	75873734	75873847	+
chr13	75873972	75874923	+
chr13	75875010	75875602	+
chr13	75875666	75875928	+
chr13	75876070	75876852	+
chr13	75879782	75883049	+
chr13	44577177	44663894	+
chr13	44664035	44664121	+
chr13	44664225	44713246	+
chr13	44713460	44751098	+
chr13	44754397	44755618	+
chr13	30803592	30812519	+
chr13	30812654	30813486	+
chr13	30813673	30882559	+
chr13	27110629	27162859	+
chr13	27169180	27182833	+
chr13	27207367	27207476	-
chr13	27207515	27207973	-
chr13	27208050	27250630	-
chr14	23412871	23413333	-
chr14	23413409	23413758	-
chr14	23433740	23435619	-
chr14	31072977	31092906	+
chr14	31072973	31076613	+
chr14	31076710	31080572	+
chr14	31025899	31066125	+
chr14	50532946	50560126	+
chr14	50593896	50613258	+
chr14	50560299	50587811	+
chr14	50560841	50587830	+
chr14	104773379	104773911	-
chr14	104772599	104772877	-
chr14	104793210	104794118	-
chr14	104794261	104795483	-
chr14	92625056	92627614	-
chr14	24007461	24038406	+
chr14	61681575	61698532	-
chr14	61698643	61750884	-
chr15	31029391	31030964	-
chr15	93106300	93107372	+
chr15	93107517	93113293	+
chr15	93113385	93141457	+
chr15	93141549	93170442	+
chr15	93170545	93212279	+
chr15	93212378	93212932	+
chr15	93213205	93219653	+
chr15	93219784	93228726	+
chr15	93228822	93231762	+
chr15	93231852	93232192	+
chr15	93553760	93557471	+
chr15	93569520	93588079	+
chr15	93588237	93592581	+
chr15	93865648	93882838	+
chr15	93883072	93885983	+
chr15	33239680	33241533	-
chr15	33241598	33242602	-
chr15	79210645	79227573	+
chr15	34777431	34786289	+
chr15	34786481	34789578	+
chr15	34791255	34792089	-
chr15	34793952	34794679	-
chr15	34794883	34795505	-
chr15	34791295	34792407	-
chr15	34791394	34792089	-
chr15	34794830	34795157	-
chr15	63062604	63071089	+
chr15	63062645	63063025	+
chr15	63063058	63064063	+
chr15	63044152	63050046	+
chr15	63064142	63065380	+
chr15	63065556	63065895	+
chr15	44731930	44732383	+
chr15	44732528	44736482	+
chr15	44759662	44767230	+
chr15	44755134	44756367	+
chr15	44756463	44758688	+
chr15	48416863	48420686	-
chr15	47812916	47949355	+
chr15	67066360	67164916	+
chr15	67170604	67187364	+
chr15	67165088	67166778	+
chr15	67165121	67165252	+
chr15	67165384	67166780	+
chr15	64073907	64075491	-
chr15	97515424	97541639	-
chr15	97541748	97652051	-
chr15	97653223	97691148	-
chr15	97559098	97652051	-
chr15	97743483	97804984	-
chr16	1145234	1147188	+
chr16	1153470	1200255	+
chr16	1207118	1207286	+
chr16	1154295	1198614	+
chr16	1211294	1211444	+
chr16	1215593	1216277	+
chr16	1216392	1216931	+
chr16	1217010	1217593	+
chr16	1217708	1217918	+
chr16	1220053	1220160	+
chr16	1212528	1213702	+
chr16	1217593	1217680	+
chr16	1217010	1217680	+
chr16	1218651	1219980	+
chr16	1219308	1219980	+
chr16	1221318	1221676	+
chr16	1222111	1222503	+
chr16	1222886	1223031	+
chr16	1220053	1222629	+
chr16	1195659	1198614	+
chr16	1212138	1213702	+
chr16	1218651	1219047	+
chr16	1182090	1200255	+
chr16	1218317	1219980	+
chr16	1218371	1219980	+
chr16	1222917	1224601	-
chr16	1224628	1225526	-
chr16	1229951	1232490	-
chr16	1229429	1229565	-
chr16	1237211	1238539	+
chr16	1239460	1240140	+
chr16	1240187	1240938	+
chr16	1240799	1240938	+
chr16	1256687	1256823	+
chr16	1261709	1262444	-
chr16	1262986	1263130	-
chr16	1273792	1273907	-
chr16	1274071	1275963	-
chr16	1276228	1276322	-
chr16	1276502	1276665	-
chr16	1286512	1286606	-
chr16	1286779	1299304	-
chr16	1286779	1298842	-
chr16	1286779	1288246	-
chr16	1288521	1300588	-
chr16	1290553	1300588	-
chr16	1294650	1299230	-
chr16	1298991	1300588	-
chr16	1298991	1299230	-
chr16	1286512	1286605	-
chr16	1286773	1288246	-
chr16	1288521	1288672	-
chr16	1288853	1289015	-
chr16	1291833	1314019	+
chr16	1302076	1303938	+
chr16	1304036	1314019	+
chr16	1303579	1314019	+
chr16	1303774	1314019	+
chr16	1303774	1303938	+
chr16	1309773	1312396	+
chr16	1309071	1314019	+
chr16	1309419	1312346	+
chr16	1319990	1320173	+
chr16	1309271	1312346	+
chr16	1310309	1314019	+
chr16	1309271	1312396	+
chr16	1312676	1314019	+
chr16	1309419	1312396	+
chr16	1315223	1315653	+
chr16	1309773	1310565	+
chr16	1310677	1314019	+
chr16	1320283	1324729	+
chr16	1314376	1315430	+
chr16	1315726	1324729	+
chr16	1314376	1315433	+
chr16	1309773	1320173	+
chr16	1310253	1312346	+
chr16	1314376	1320437	+
chr16	1315019	1315653	+
chr16	1309773	1312240	+
chr16	1309773	1313747	+
chr16	1313915	1314019	+
chr16	1315726	1316545	+
chr16	1309773	1315653	+
chr16	1315511	1315653	+
chr16	1320517	1326831	+
chr16	1309773	1313858	+
chr16	1309773	1312377	+
chr16	1314978	1315653	+
chr16	1310037	1312396	+
chr16	1310253	1314292	+
chr16	1310309	1312346	+
chr16	1311884	1312346	+
chr16	1318623	1320173	+
chr16	1325260	1326831	+
chr16	971214	974322	+
chr16	974611	975340	+
chr16	971214	975340	+
chr16	971214	974230	+
chr16	977093	981144	-
chr16	979758	980126	-
chr16	980705	981144	-
chr16	979763	980126	-
chr16	977090	981144	-
chr16	978917	979024	-
chr16	977087	979024	-
chr16	979110	979219	-
chr16	976559	976777	-
chr16	980457	981144	-
chr16	979110	979404	-
chr16	979464	981144	-
chr16	977093	979600	-
chr16	977093	980126	-
chr16	982344	983537	+
chr16	983960	984705	+
chr16	991550	991864	-
chr16	997810	997942	-
chr16	1041043	1041352	-
chr16	1065482	1078841	+
chr16	1079549	1079758	+
chr16	1066170	1066956	+
chr16	1092184	1093496	-
chr16	1101606	1102179	-
chr16	1101606	1102837	-
chr16	1101472	1101558	-
chr16	1101656	1102345	-
chr16	1102528	1103252	-
chr16	1103377	1103711	-
chr16	1066526	1073086	-
chr16	1067043	1073565	-
chr16	1103200	1117409	+
chr16	1103205	1117705	+
chr16	1103205	1117409	+
chr16	1117589	1117705	+
chr16	1103205	1113371	+
chr16	15135201	15135279	-
chr16	15137540	15137753	-
chr16	15138456	15154349	-
chr16	15838269	15858221	-
chr16	23626387	23629203	-
chr16	23608077	23614003	-
chr16	23603669	23621361	-
chr16	56189760	56192257	+
chr16	69316376	69318649	+
chr16	69318942	69319509	+
chr16	69316372	69318652	+
chr16	69320769	69321088	+
chr16	69321270	69322626	+
chr16	69311532	69314739	+
chr16	69314938	69316007	+
chr16	69311618	69316007	+
chr16	69321270	69322543	+
chr16	69311532	69314724	+
chr16	69319543	69319983	+
chr16	69320060	69320140	+
chr16	69314942	69315464	+
chr16	69315669	69316007	+
chr16	69311532	69318649	+
chr16	69312233	69316007	+
chr16	69311532	69315464	+
chr16	69321270	69322588	+
chr16	2988340	2988589	+
chr16	2992438	2992804	+
chr16	2995316	2995618	+
chr16	2995771	2996495	+
chr16	2996705	2997052	+
chr16	2997085	2997802	+
chr16	2998979	2999901	+
chr16	3000118	3000713	+
chr16	2990587	2990689	+
chr16	2990730	2991047	+
chr16	2995910	2997052	+
chr16	2991101	2992402	+
chr16	2992438	2992930	+
chr16	2995771	2997052	+
chr16	2998388	2998847	+
chr16	2991272	2991377	+
chr16	2992438	2995283	+
chr16	2997085	2997665	+
chr16	2991272	2997052	+
chr16	3000354	3000713	+
chr16	2991437	2992804	+
chr16	2994962	2995618	+
chr16	3001447	3001560	+
chr16	2994838	2995283	+
chr16	2995316	2997052	+
chr16	2996531	2997052	+
chr16	2997721	2997802	+
chr16	31182668	31183857	+
chr16	31184390	31184938	+
chr16	90136600	90194120	+
chr16	56162106	56192542	-
chr17	18238214	18238461	+
chr17	18242278	18242447	+
chr17	43124102	43125276	-
chr17	2674096	2676504	+
chr17	2671496	2672654	+
chr17	2670331	2671393	+
chr17	2671491	2672654	+
chr17	2638320	2650852	+
chr17	2651012	2665371	+
chr17	2663054	2665371	+
chr17	2680406	2681728	+
chr17	2594006	2599024	+
chr17	2599093	2638098	+
chr17	2599093	2635382	+
chr17	80105362	80105748	+
chr17	80101625	80105748	+
chr17	80118715	80119271	+
chr17	80112100	80112467	+
chr17	80107896	80108488	+
chr17	80101720	80101810	+
chr17	80101890	80103030	+
chr17	80103129	80104554	+
chr17	6088104	6095101	+
chr17	6071171	6073934	+
chr17	6074070	6080370	+
chr17	8114609	8115606	-
chr17	8103582	8104114	-
chr17	8108662	8109173	-
chr17	8108806	8109173	-
chr17	28233342	28233917	-
chr17	59660477	59661442	+
chr17	59620173	59643499	+
chr17	59643539	59644275	+
chr17	59683538	59683624	+
chr17	59683761	59683883	+
chr17	59660567	59661442	+
chr17	59660588	59661461	+
chr17	59687021	59691003	+
chr17	59691039	59693727	+
chr17	35420381	35421083	-
chr17	35421181	35421989	-
chr17	35432257	35432405	-
chr17	35411927	35413236	-
chr17	35413355	35420273	-
chr17	35420381	35432187	-
chr17	35411927	35432187	-
chr17	35432983	35433359	-
chr17	35420947	35421989	-
chr17	35515321	35522278	-
chr17	4446199	4448154	+
chr17	4445318	4446047	+
chr17	4477856	4478571	+
chr17	4478637	4486411	+
chr17	7666244	7670608	-
chr17	7676622	7677397	-
chr17	7676272	7676520	-
chr17	7669784	7670608	-
chr17	7676622	7687457	-
chr17	10291913	10320391	+
chr17	10320512	10341491	+
chr17	10324967	10341491	+
chr17	10320512	10406147	+
chr17	10406238	10608353	+
chr17	10613877	10623350	+
chr17	10317867	10318454	+
chr17	10318549	10320391	+
chr17	10613877	10680732	+
chr17	10406238	10598072	+
chr17	10613877	10615661	+
chr17	10535234	10537597	+
chr17	72221870	72291419	-
chr17	71830240	71846689	-
chr17	71846848	71858620	-
chr17	71858688	71869315	-
chr17	71866033	71870014	-
chr17	71870119	71870552	-
chr17	71871750	71952350	-
chr17	71952424	71964043	-
chr17	71830240	71870552	-
chr17	71871750	71906813	-
chr17	71906993	71907780	-
chr17	71864320	71865945	-
chr17	71870664	71871109	-
chr17	71871207	71871686	-
chr17	71871750	71874127	-
chr17	71874237	71952350	-
chr17	71871750	71921776	-
chr17	71871750	72005184	-
chr17	71871750	71938718	-
chr17	71952424	71968485	-
chr17	71968605	71974415	-
chr17	71952424	72029724	-
chr17	71871750	71968485	-
chr17	71871750	71872730	-
chr17	71872873	71874127	-
chr17	71874237	71888499	-
chr17	71888621	71952350	-
chr17	71952424	71974415	-
chr17	71892084	72029724	-
chr17	72085045	72118016	-
chr17	72116146	72118271	-
chr17	72172811	72194683	-
chr17	72194980	72220645	-
chr17	72076730	72078697	-
chr17	72078784	72081372	-
chr17	72105245	72114205	-
chr17	72185561	72186124	-
chr17	72186404	72192006	-
chr17	6956697	7009795	-
chr17	6994708	7002483	-
chr18	31093643	31102300	-
chr18	31091138	31092100	-
chr18	31068212	31068898	-
chr18	31093643	31101610	-
chr18	31071841	31079846	-
chr18	31093643	31101220	-
chr18	31068208	31068893	-
chr18	31074904	31079846	-
chr18	31070871	31071604	-
chr18	31082423	31086575	-
chr18	31093643	31102574	-
chr18	31087813	31101902	-
chr18	31080281	31082237	-
chr18	31497947	31518238	+
chr18	31497947	31519802	+
chr18	31498296	31509297	+
chr18	31509335	31518238	+
chr18	31498296	31510317	+
chr18	31510492	31518238	+
chr18	31541314	31545720	+
chr18	31509335	31510317	+
chr18	31524888	31525851	+
chr18	31526154	31530986	+
chr18	31498506	31518238	+
chr18	31498296	31519802	+
chr18	31509335	31509933	+
chr18	31510124	31518238	+
chr18	31498296	31505683	+
chr18	31542852	31545724	+
chr18	31531252	31535362	+
chr18	31519937	31521098	+
chr18	31524888	31530990	+
chr18	31519937	31520821	+
chr18	31518274	31519854	+
chr18	31522249	31524702	+
chr18	31524888	31530961	+
chr18	31498296	31518258	+
chr18	51049324	51052634	+
chr18	51049324	51051376	+
chr18	51067187	51076614	+
chr18	51059916	51065341	+
chr18	51065469	51067018	+
chr18	51049324	51058124	+
chr18	51048860	51054780	+
chr18	51065469	51067109	+
chr18	51049324	51051337	+
chr18	51058220	51058339	+
chr18	51048864	51054780	+
chr18	56059877	56060103	-
chr18	3594240	3606553	+
chr18	3594484	3606553	+
chr18	3594484	3609732	+
chr18	3606640	3607985	+
chr18	73648396	73653601	-
chr18	73653732	73691228	-
chr18	73653732	73655244	-
chr18	73655403	73691228	-
chr18	73657545	73681883	-
chr18	73682036	73684026	-
chr18	73669599	73684026	-
chr18	73684244	73691228	-
chr18	73683395	73684026	-
chr18	73685045	73685617	-
chr18	73684247	73685607	-
chr18	73684244	73685607	-
chr18	73684244	73685617	-
chr18	73686650	73691228	-
chr18	73690862	73691228	-
chr18	73691324	73692087	-
chr18	73692244	73692430	-
chr18	73692825	73695593	-
chr18	73695692	73711374	-
chr18	73712845	73730387	-
chr18	73715432	73716147	-
chr18	73715432	73716188	-
chr18	73712845	73723230	-
chr18	73712845	73720905	-
chr18	73721100	73723230	-
chr18	75430750	75432842	+
chr18	75432908	75439733	+
chr18	75439775	75440606	+
chr18	75440941	75441170	+
chr18	75441339	75458211	+
chr18	75430750	75432763	+
chr18	75439775	75458211	+
chr18	75458332	75470051	+
chr18	75470207	75473431	+
chr18	75473560	75504863	+
chr18	75504987	75520130	+
chr18	75520318	75522907	+
chr18	76170707	76173458	-
chr18	76177780	76246720	-
chr18	76173627	76254191	-
chr18	76186043	76246720	-
chr18	76805921	76809480	-
chr18	76809504	76816103	-
chr18	76816171	76816754	-
chr19	8927739	8932448	-
chr19	8932514	8932749	-
chr19	13308528	13317111	-
chr19	13371779	13372649	-
chr19	13372730	13452875	-
chr19	13214608	13223774	-
chr19	13223905	13224666	-
chr19	13506225	13623877	-
chr19	46784559	46784893	-
chr19	38516217	38519213	+
chr19	38433874	38442348	+
chr19	11129670	11130775	+
chr19	11130914	11131280	+
chr19	7914923	7916406	+
chr19	6501397	6501489	-
chr19	12897863	12909586	+
chr19	12909709	12910999	+
chr19	12911114	12913994	+
chr19	12897863	12906043	+
chr19	12906271	12913994	+
chr19	12897863	12910999	+
chr19	12897013	12897702	+
chr19	12897863	12899699	+
chr19	12900762	12901827	+
chr19	12897013	12897329	+
chr19	55151792	55154740	-
chr19	55156332	55157049	-
chr19	55156644	55157295	-
chr19	55156632	55157049	-
chr19	55154830	55156082	-
chr19	55154830	55156602	-
chr19	1221340	1221665	+
chr19	1221846	1221948	+
chr19	1221340	1221620	+
chr19	1221340	1221695	+
chr19	1220688	1221212	+
chr19	1223172	1226458	+
chr19	1219413	1220414	+
chr19	16361984	16373914	-
chr19	16373962	16377121	-
chr19	20358333	20369177	+
chr19	20362794	20369177	+
chr19	11197717	11198949	+
chr19	11199075	11199641	+
chr19	11199717	11205809	+
chr19	11216250	11219998	+
chr19	28620959	28621847	-
chr19	28621947	28721953	-
chr19	56789951	56795465	-
chr19	42249942	42254977	-
chr19	49447903	49448000	-
chr19	49448062	49448932	-
chr19	49449024	49449474	-
chr20	63434435	63438624	-
chr20	349363	349672	+
chr20	349832	353214	+
chr20	347142	353209	+
chr20	349363	349615	+
chr20	347142	349235	+
chr20	348063	349248	+
chr20	381169	384408	+
chr20	384781	388010	+
chr20	381169	387987	+
chr20	388301	396197	+
chr20	381391	388010	+
chr20	381339	388010	+
chr20	21057547	21087943	-
chr20	21080961	21087943	-
chr20	21093852	21105505	-
chr20	21080957	21087943	-
chr20	21088030	21089427	-
chr20	21088030	21102272	-
chr20	21093852	21101159	-
chr20	21093852	21095744	-
chr20	21095861	21106270	-
chr20	21093852	21105682	-
chr20	21103473	21105337	-
chr20	21103035	21106270	-
chr20	50029441	50029713	-
chr20	50029963	50030351	-
chr20	50029992	50030351	-
chr20	50029992	50030236	-
chr21	37698694	37710313	+
chr21	37710443	37714235	+
chr21	37716201	37717120	+
chr21	37717235	37728552	+
chr21	37728673	37729927	+
chr21	37730824	37738503	+
chr21	37717235	37719346	+
chr21	37751616	37754569	+
chr21	37754700	37758145	+
chr21	37758202	37762976	+
chr21	14825624	14853273	-
chr21	14857708	14881972	-
chr21	14857708	14924662	-
chr21	14924762	14927342	-
chr21	14857708	14913462	-
chr21	14913522	14918170	-
chr21	14837823	14857541	-
chr21	14857708	14917058	-
chr21	14853431	14854456	-
chr21	14854561	14857541	-
chr21	14855394	14857541	-
chr21	14902996	15014343	-
chr21	37208756	37211120	+
chr21	37211161	37214095	+
chr21	37221597	37225432	+
chr21	37237515	37241154	+
chr21	37221597	37282322	+
chr21	37282517	37296072	+
chr21	37237515	37252689	+
chr21	37221597	37225556	+
chr21	37237515	37238878	+
chr21	37221597	37258575	+
chr21	37237515	37243183	+
chr21	37221562	37225432	+
chr21	37267788	37282322	+
chr21	37282517	37294309	+
chr21	37295108	37296072	+
chr21	37267788	37268638	+
chr21	37283286	37293960	+
chr22	42145538	42147971	-
chr22	42148353	42149278	-
chr22	29683064	29688219	+
chr22	41947306	41957671	+
chr22	50722437	50730720	+
chr22	31123119	31125832	+
chr22	18157859	18160171	+
chrX	38327875	38349690	+
chrX	38349789	38352617	+
chrX	38327875	38367290	+
chrX	38369877	38371175	+
chrX	38371333	38381341	+
chrX	154048660	154092183	-
chrX	130783690	130887213	-
chrX	130887740	130901683	-
chrX	130703254	130887213	-
chrX	49793710	49830398	+
chrX	49793899	49830398	+
chrX	97841970	97843630	+
chrX	97843811	97846515	+
chrX	140783620	140783659	+
chrX	152709000	152709460	-
chrX	152713315	152721098	-
chrX	152721352	152721450	-
chrX	152713315	152714717	-
chrX	152714775	152721060	-
chrX	45745736	45769785	-
chrX	45769952	45849374	-
chrX	45747155	45769785	-
chrY	19460104	19466455	-
chrY	19474250	19474639	-
chrY	19474903	19480164	-
chrY	9708658	9711740	-
chrY	9714204	9721094	-
chrY	6443635	6444759	+
chrY	6444917	6450525	+
chrY	6450607	6452827	+
chrY	6452989	6456071	+
chr1	14501	15004	-
chr1	24891	29533	-
chr1	16474489	16475915	-
chr1	16476055	16476398	-
chr1	25758713	25763637	+
chr1	25763639	25763873	+
chr1	25781103	25781250	+
chr1	25781260	25782584	+
chr1	45580927	45580932	-
chr1	45592748	45592753	-
chr1	45605692	45605697	-
chr1	59057032	59082220	+
chr1	59082437	59088014	+
chr1	120824146	120829763	+
chr1	120823360	120830415	+
chr1	120832983	120840349	+
chr1	120809883	120816621	+
chr1	120832160	120834494	+
chr1	120834546	120840349	+
chr1	120824917	120830415	+
chr1	120805765	120808544	+
chr1	120824146	120836516	+
chr1	150999964	151001249	-
chr1	151002170	151006311	-
chr1	155614867	155615571	-
chr1	155615674	155615766	-
chr1	155616403	155617377	-
chr1	155617417	155618883	-
chr1	155619028	155646492	-
chr1	155646637	155648400	-
chr1	155648662	155649816	-
chr1	155650270	155659668	-
chr1	161000777	161001044	-
chr1	161001048	161001083	-
chr2	54644590	54645156	+
chr2	54645158	54645228	+
chr2	54649184	54649571	+
chr2	54649577	54649614	+
chr2	99369485	99371137	+
chr2	99371139	99371661	+
chr2	178636799	178639698	-
chr2	178642317	178673632	-
chr2	178674409	178678124	-
chr2	178678830	178681660	-
chr2	178682903	178689052	-
chr2	240746177	240746943	-
chr2	240747001	240747235	-
chr3	18013234	18013654	+
chr3	18041548	18041587	+
chr3	27390104	27390310	-
chr3	27390312	27391735	-
chr3	27424152	27428267	-
chr3	27428286	27431313	-
chr3	27431669	27433166	-
chr3	27433191	27433976	-
chr3	33560971	33563963	-
chr3	33563966	33570726	-
chr3	57280453	57283176	-
chr3	57288286	57288962	-
chr3	57288966	57289068	-
chr3	130228222	130233445	+
chr3	156531501	156536544	+
chr3	156536546	156536657	+
chr4	7734365	7735399	+
chr4	7735405	7737065	+
chr4	73408805	73409072	+
chr4	73409076	73415101	+
chr5	50832854	50833419	+
chr5	50833426	50833984	+
chr5	61686112	61686882	+
chr5	151030123	151035040	-
chr5	176127234	176127515	+
chr5	176128228	176129827	+
chr5	176116252	176119584	+
chr5	176118941	176119511	+
chr5	178049321	178049868	+
chr5	178049954	178050302	+
chr5	178050437	178052532	+
chr5	178053973	178055368	+
chr6	12129896	12130773	+
chr6	33080534	33080688	+
chr6	36391924	36393066	+
chr6	36393083	36393437	+
chr6	63579028	63580056	+
chr6	135202669	135202947	+
chr6	135202949	135203216	+
chr7	56813628	56815466	-
chr7	56817160	56817352	-
chr7	56819046	56819190	-
chr7	56820884	56821172	-
chr7	102672989	102678484	-
chr7	148544480	148546262	-
chr8	8015408	8016804	-
chr8	8023054	8024014	-
chr8	8024171	8024450	-
chr8	8030702	8031661	-
chr8	95798413	95799257	+
chr8	95799267	95800495	+
chr9	93636469	93653266	+
chr9	93653272	93673789	+
chr9	98997085	98997852	+
chr9	98997859	99000849	+
chr10	75104097	75109008	-
chr10	75097885	75107991	-
chr10	116849731	116849928	+
chr10	116849931	116855622	+
chr10	116862852	116864345	+
chr10	116864351	116868649	+
chr11	13712055	13712965	+
chr11	13714680	13715800	+
chr11	73965035	73966137	-
chr11	73966248	73968341	-
chr11	73968458	73969245	-
chr11	73969322	73969960	-
chr11	108367264	108367557	+
chr12	5832603	5836777	-
chr12	5836780	5854042	-
chr12	6668115	6669030	+
chr12	32796298	32802449	-
chr12	122218397	122225964	-
chr13	18964107	18965203	-
chr13	18965295	19047989	-
chr14	44765626	44766310	-
chr14	44768129	44782554	-
chr14	57210061	57211698	-
chr14	57211703	57217977	-
chr14	57237358	57237673	-
chr14	57237677	57239590	-
chr15	33768711	33769115	+
chr15	33813583	33815412	+
chr15	33815417	33816861	+
chr16	991356	991864	-
chr16	992013	996468	-
chr16	996616	997942	-
chr16	998074	1000377	-
chr16	1000537	1000732	-
chr16	1101473	1103279	-
chr16	1103383	1103707	-
chr16	1154035	1194970	+
chr16	1257453	1257940	+
chr16	1261464	1261550	-
chr16	1261707	1262462	-
chr16	1262670	1262810	-
chr16	1273795	1276128	-
chr16	1276218	1276327	-
chr16	1286512	1286632	-
chr16	1286774	1288245	-
chr16	1288391	1288677	-
chr16	1315730	1320173	+
chr16	1315669	1317026	+
chr16	15135429	15135973	-
chr16	15137535	15137749	-
chr16	15138454	15154349	-
chr16	90173566	90177716	+
chr16	90177885	90185996	+
chr19	1954198	1954255	-
chr19	6496174	6501614	-
chr19	8548317	8549594	-
chr19	8549600	8550165	-
chr19	13624134	13632925	-
chr20	32565015	32601512	+
chr20	37746630	37757045	+
chr20	37757049	37757570	+
chr20	45535329	45537963	-
chr21	15494898	15495715	-
chr21	37717235	37719346	-
chr21	43748433	43748438	-
chr22	18945169	18946790	+
chr22	19065058	19065184	-
chr22	19065189	19068095	-
chr22	50722437	50724126	+
chr22	50724153	50730720	+
chrY	253846	254936	+
chrY	276394	281481	+
chrY	281684	284166	+
chrY	284314	288732	+
chrY	288869	290647	+
chrY	290776	291498	+
chrY	291654	293034	+
chrY	293218	299096	+
chrY	276394	284166	+
chrY	290792	291498	+
chrY	281121	281481	+
chrY	281256	281481	+
chrY	283201	284166	+
chrY	283488	284166	+
chrY	283520	284166	+
chrY	305197	307359	-
chrY	307512	307731	-
chrY	307880	311418	-
chrY	311627	312765	-
chrY	312924	314149	-
chrY	314217	314889	-
chrY	315020	315228	-
chrY	315299	316913	-
chrY	317051	318438	-
chrY	321248	321682	+
chrY	334517	338603	-
chrY	338710	338777	-
chrY	338896	340764	-
chrY	340940	341306	-
chrY	341396	341882	-
chrY	341931	345515	-
chrY	345672	346173	-
chrY	346260	346700	-
chrY	346775	347233	-
chrY	347336	347589	-
chrY	347693	361404	-
chrY	361590	386367	-
chrY	342237	345515	-
chrY	361590	362254	-
chrY	362332	386367	-
chrY	361590	373531	-
chrY	387290	405406	+
chrY	419362	421671	+
chrY	624602	630465	+
chrY	631174	634617	+
chrY	634826	640820	+
chrY	640878	640998	+
chrY	641087	644390	+
chrY	641087	658784	+
chrY	990427	993984	+
chrY	1008551	1009091	-
chrY	1009380	1009709	-
chrY	1191160	1193217	-
chrY	1193302	1196779	-
chrY	1196900	1198561	-
chrY	1198724	1202401	-
chrY	1202535	1206432	-
chrY	1206599	1208805	-
chrY	1208908	1212555	-
chrY	1196900	1198800	-
chrY	1199145	1202401	-
chrY	1208905	1212555	-
chrY	1206599	1212555	-
chrY	1268879	1274754	+
chrY	1274842	1282677	+
chrY	1282779	1285777	+
chrY	1285920	1288518	+
chrY	1288642	1288758	+
chrY	1288888	1290336	+
chrY	1290509	1294327	+
chrY	1294461	1295426	+
chrY	1295456	1300490	+
chrY	1300626	1303260	+
chrY	1303362	1303922	+
chrY	1304019	1305445	+
chrY	1305527	1309401	+
chrY	1300626	1303922	+
chrY	1282779	1288518	+
chrY	1283042	1285777	+
chrY	1274818	1282677	+
chrY	1268879	1282677	+
chrY	1274818	1282408	+
chrY	1282560	1282677	+
chrY	1305527	1305627	+
chrY	1285920	1287173	+
chrY	1287198	1309839	+
chrY	1274818	1281870	+
chrY	1300626	1309401	+
chrY	1290509	1305445	+
chrY	1295456	1303922	+
chrY	1300626	1305445	+
chrY	1300626	1302896	+
chrY	1302916	1309823	+
chrY	1336926	1341727	+
chrY	1341829	1352099	+
chrY	1352232	1352321	+
chrY	1352506	1356220	+
chrY	1356336	1358860	+
chrY	1358887	1365137	+
chrY	1365252	1378658	+
chrY	1378764	1381022	+
chrY	1381104	1382390	+
chrY	1341829	1345315	+
chrY	1345434	1348430	+
chrY	1348545	1352099	+
chrY	1386759	1387278	-
chrY	1387419	1389240	-
chrY	1389727	1391898	-
chrY	1389727	1390191	-
chrY	1390290	1391898	-
chrY	1390293	1391898	-
chrY	1396648	1398824	+
chrY	1397224	1398824	+
chrY	1398958	1399366	+
chrY	1402225	1403376	+
chrY	1402225	1403460	+
chrY	1403585	1412742	+
chrY	1412888	1413761	+
chrY	1412888	1413748	+
chrY	1403585	1412790	+
chrY	1412888	1413763	+
chrY	1403489	1412731	-
chrY	1412854	1417972	-
chrY	1418116	1418981	-
chrY	1419114	1421657	-
chrY	1421842	1425524	-
chrY	1425687	1427733	-
chrY	1428121	1432268	-
chrY	1432377	1435021	-
chrY	1435083	1435693	-
chrY	1435758	1439096	-
chrY	1439144	1442185	-
chrY	1442317	1452747	-
chrY	1442317	1453617	-
chrY	1435758	1442185	-
chrY	1466582	1536920	-
chrY	1466582	1494092	-
chrY	1591769	1593443	+
chrY	1594224	1595383	+
chrY	1595532	1599191	+
chrY	1599432	1600658	+
chrY	1599432	1600137	+
chrY	1600207	1600658	+
chrY	1615268	1623138	+
chrY	1623313	1624268	+
chrY	1624398	1627702	+
chrY	1627771	1629820	+
chrY	1629939	1632703	+
chrY	1632787	1633149	+
chrY	1633290	1636437	+
chrY	1636560	1642802	+
chrY	1629939	1633149	+
chrY	1629939	1636437	+
chrY	1628033	1636241	+
chrY	1662052	1662160	+
chrY	1732723	1733949	+
chrY	1734196	1741930	+
chrY	1734196	1755683	+
chrY	1755985	1762958	+
chrY	1767552	1768434	+
chrY	2221229	2243022	-
chrY	2243230	2266739	-
chrY	2266947	2291501	-
chrY	2291603	2408744	-
chrY	2408813	2425196	-
chrY	2425304	2500816	-
chrY	2291603	2425196	-
chrY	2261767	2266739	-
chrY	2425304	2500310	-
chrY	2291603	2392353	-
chrY	2392474	2408744	-
chrY	2425304	2502760	-
chrY	2337999	2408744	-
chrY	2334919	2336384	-
chrY	2490769	2500816	-
chrY	2490772	2500816	-
chrY	2487702	2488787	-
chrY	2490772	2500310	-
chrY	2567292	2609105	-
chrY	2567292	2570010	-
chrY	2570098	2609105	-
chrY	2567292	2597293	-
chrY	2597451	2609105	-
chrY	2570166	2609105	-
chrY	2567292	2574112	-
chrY	2574289	2609105	-
chrY	2570098	2574095	-
chrY	2570166	2574112	-
chrY	2570098	2574112	-
chrY	2570166	2574095	-
chrY	2609481	2610995	+
chrY	2611038	2612149	+
chrY	2612218	2615815	+
chrY	2615969	2618739	+
chrY	2618784	2619428	+
chrY	2619497	2622689	+
chrY	2623453	2626596	+
chrY	2626642	2637973	+
chrY	2622734	2623384	+
chrY	2615969	2618757	+
chrY	2619497	2623384	+
chrY	2626642	2658502	+
chrY	2612218	2618739	+
chrY	2626642	2655026	+
chrY	2613696	2614716	-
chrY	2691427	2714421	+
chrY	2714454	2717604	+
chrY	2717652	2719660	+
chrY	2719705	2720355	+
chrY	2720424	2722626	+
chrY	2722674	2723313	+
chrY	2723364	2726259	+
chrY	2726373	2733356	+
chrY	2733374	2738202	+
chrY	2738256	2740778	+
chrY	2714454	2719660	+
chrY	2726373	2738199	+
chrY	2726373	2727292	+
chrY	2727343	2733356	+
chrY	2726373	2738202	+
chrY	2691427	2691787	+
chrY	2691695	2714421	+
chrY	2717474	2717604	+
chrY	2726373	2737880	+
chrY	19459366	19466443	-
chrY	19467387	19473904	-
chrY	19474250	19474649	-
chrY	19474898	19480164	-
chrY	25387085	25391260	-
chrY	57067968	57075977	+
chrY	57076132	57082142	+
chrY	57082200	57084631	+
chrY	57084769	57087016	+
chrY	57087107	57106332	+
chrY	57106400	57126220	+
chrY	57126313	57128402	+
chrY	57076153	57082142	+
chrY	57076132	57084631	+
chrY	57076128	57082142	+
chrY	57087107	57126220	+
chrY	57076067	57084631	+
chrY	57184307	57189425	+
chrY	57189539	57189968	+
chrY	57190080	57190196	+
chrY	57190375	57190939	+
chrY	57191085	57191797	+
chrY	57191999	57192602	+
chrY	57192708	57194042	+
chrY	57194127	57196335	+
chrY	57184307	57187927	+
chrY	57188028	57189401	+
chrY	57190080	57190203	+
chrY	57190375	57190968	+
chrY	57192708	57196335	+
chrY	57184307	57187849	+
chrY	57188028	57189425	+
chrY	57194127	57194418	+
chrY	57191085	57194042	+
chrY	57194127	57208210	+
chrY	57208312	57208518	+
chrY	57202020	57203181	-
chrY	57207668	57208025	+
chrY	57208083	57208213	+
chrY	57208665	57208842	+
chrY	57207668	57208200	+
chrY	57208979	57209218	+
chrY	57209354	57209531	+
chrY	57209733	57209821	+
chrY	57209980	57210639	+
chrY	57210792	57211551	+
chrY	57211620	57211760	+
chrY	57209729	57209821	+
chrY	57208979	57209531	+
chrY	57208665	57208833	+
chrY	57209059	57209218	+
chrY	57211569	57211760	+
chrY	57213125	57213203	-
chrY	57213357	57213525	-
chrY	57213602	57213879	-
chrY	57213964	57214349	-
